{
    "./datasets/egoing/audio/가만히 생각해보니까.mp3": "가만히 생각해보니까",
    "./datasets/egoing/audio/가장 자주 사용되는 결합방법이기때문입니다.mp3": "가장 자주 사용되는 결합방법이기때문입니다",
    "./datasets/egoing/audio/가장 자주 사용되는 부품이면서.mp3": "가장 자주 사용되는 부품이면서",
    "./datasets/egoing/audio/감상해보시죠.mp3": "감상해보시죠",
    "./datasets/egoing/audio/강의를 열었고.mp3": "강의를 열었고",
    "./datasets/egoing/audio/같이 한번 들여다보시죠.mp3": "같이 한번 들여다보시죠",
    "./datasets/egoing/audio/개발자들과 소통에 어려움을 겪는.mp3": "개발자들과 소통에 어려움을 겪는",
    "./datasets/egoing/audio/개발자를 통하지 않고도.mp3": "개발자를 통하지 않고도",
    "./datasets/egoing/audio/계획하고.mp3": "계획하고",
    "./datasets/egoing/audio/공부.mp3": "공부",
    "./datasets/egoing/audio/공부했는지를.mp3": "공부했는지를",
    "./datasets/egoing/audio/과.mp3": "과",
    "./datasets/egoing/audio/구분을 좀 하고.mp3": "구분을 좀 하고",
    "./datasets/egoing/audio/구분하기위해서 선을 하나 긋구여.mp3": "구분하기위해서 선을 하나 긋구여",
    "./datasets/egoing/audio/구분하는것이.mp3": "구분하는것이",
    "./datasets/egoing/audio/구체화하는 과정이 필요한데요.mp3": "구체화하는 과정이 필요한데요",
    "./datasets/egoing/audio/구현을 하기에 앞서서.mp3": "구현을 하기에 앞서서",
    "./datasets/egoing/audio/그 부품들을 결합해서.mp3": "그 부품들을 결합해서",
    "./datasets/egoing/audio/그 코드를 작성하는 프로그램이 필요합니다.mp3": "그 코드를 작성하는 프로그램이 필요합니다",
    "./datasets/egoing/audio/그게 뭐냐면.mp3": "그게 뭐냐면",
    "./datasets/egoing/audio/그니까 여러분들의 삶에서 정말 중요한 여러가지 정보들이 있을겁니다.mp3": "그니까 여러분들의 삶에서 정말 중요한 여러가지 정보들이 있을겁니다",
    "./datasets/egoing/audio/그때부터가 아니였을까 싶어요.mp3": "그때부터가 아니였을까 싶어요",
    "./datasets/egoing/audio/그래서 이러한 프로그램을 뭐라고 하냐면.mp3": "그래서 이러한 프로그램을 뭐라고 하냐면",
    "./datasets/egoing/audio/그러면 요긴는.mp3": "그러면 요긴는",
    "./datasets/egoing/audio/그리고 그 밑에는.mp3": "그리고 그 밑에는",
    "./datasets/egoing/audio/그리고 그 아래쪽에.mp3": "그리고 그 아래쪽에",
    "./datasets/egoing/audio/그리고 그 정보를 누군가와 나누고싶은것들이 있을거란말이에요.mp3": "그리고 그 정보를 누군가와 나누고싶은것들이 있을거란말이에요",
    "./datasets/egoing/audio/그리고 또 하나는.mp3": "그리고 또 하나는",
    "./datasets/egoing/audio/그리고 리눅스.mp3": "그리고 리눅스",
    "./datasets/egoing/audio/그리고 아래쪽에 있는 본문.mp3": "그리고 아래쪽에 있는 본문",
    "./datasets/egoing/audio/그리고 이런.mp3": "그리고 이런",
    "./datasets/egoing/audio/그리고 제가 영어를 쓰고있지만 한글로 하셔도 아무 문제 없습니다.mp3": "그리고 제가 영어를 쓰고있지만 한글로 하셔도 아무 문제 없습니다",
    "./datasets/egoing/audio/그리고.mp3": "그리고",
    "./datasets/egoing/audio/그리꼬.mp3": "그리꼬",
    "./datasets/egoing/audio/그림으로 한번 그려보죠.mp3": "그림으로 한번 그려보죠",
    "./datasets/egoing/audio/근데 이 에디터들이 다 사용방법이 다 다르기때문에 제가 설명하기가 조금 벅차요.mp3": "근데 이 에디터들이 다 사용방법이 다 다르기때문에 제가 설명하기가 조금 벅차요",
    "./datasets/egoing/audio/기능이.mp3": "기능이",
    "./datasets/egoing/audio/기획이라고 하고.mp3": "기획이라고 하고",
    "./datasets/egoing/audio/기획자라고 합니다.mp3": "기획자라고 합니다",
    "./datasets/egoing/audio/기획잡니다.mp3": "기획잡니다",
    "./datasets/egoing/audio/꼭 그런것은.mp3": "꼭 그런것은",
    "./datasets/egoing/audio/꽤 큰 규모로 일반인을 대상으로도 강의를하기 시작했죠.mp3": "꽤 큰 규모로 일반인을 대상으로도 강의를하기 시작했죠",
    "./datasets/egoing/audio/나중엔.mp3": "나중엔",
    "./datasets/egoing/audio/내가 무엇을 만들것인가를 미리 상상하고.mp3": "내가 무엇을 만들것인가를 미리 상상하고",
    "./datasets/egoing/audio/내가 원하는게 아니였거나 문제가 있으면 손해잖아요.mp3": "내가 원하는게 아니였거나 문제가 있으면 손해잖아요",
    "./datasets/egoing/audio/내용을.mp3": "내용을",
    "./datasets/egoing/audio/너무나 쉽지만.mp3": "너무나 쉽지만",
    "./datasets/egoing/audio/노출이 되면.mp3": "노출이 되면",
    "./datasets/egoing/audio/누가 얼마나.mp3": "누가 얼마나",
    "./datasets/egoing/audio/단지 에이치티엠엘의 기본문법인 태그를 배웠을뿐입니다.mp3": "단지 에이치티엠엘의 기본문법인 태그를 배웠을뿐입니다",
    "./datasets/egoing/audio/동료들이 꽤 많이 있었습니다.mp3": "동료들이 꽤 많이 있었습니다",
    "./datasets/egoing/audio/동료들이 요청하는것중에는.mp3": "동료들이 요청하는것중에는",
    "./datasets/egoing/audio/동영상이.mp3": "동영상이",
    "./datasets/egoing/audio/되게 굉장히 곤란스러운 일이 생긴단말이죠.mp3": "되게 굉장히 곤란스러운 일이 생긴단말이죠",
    "./datasets/egoing/audio/들이 갖고있는.mp3": "들이 갖고있는",
    "./datasets/egoing/audio/때문에.mp3": "때문에",
    "./datasets/egoing/audio/또 그려보는 과정을.mp3": "또 그려보는 과정을",
    "./datasets/egoing/audio/또 난해해 보이는 개념들때문에.mp3": "또 난해해 보이는 개념들때문에",
    "./datasets/egoing/audio/또 어떤것이 원인이고 어떤것이 결과인지 추론해보는겁니다.mp3": "또 어떤것이 원인이고 어떤것이 결과인지 추론해보는겁니다",
    "./datasets/egoing/audio/또 여러사람이 같이하는 경우에.mp3": "또 여러사람이 같이하는 경우에",
    "./datasets/egoing/audio/뜨게된 계기가.mp3": "뜨게된 계기가",
    "./datasets/egoing/audio/라는 생각입니다.mp3": "라는 생각입니다",
    "./datasets/egoing/audio/라는것에 대해서.mp3": "라는것에 대해서",
    "./datasets/egoing/audio/만들기 전에 무엇을 만들것인가를.mp3": "만들기 전에 무엇을 만들것인가를",
    "./datasets/egoing/audio/맥에서는.mp3": "맥에서는",
    "./datasets/egoing/audio/문법에 맞게.mp3": "문법에 맞게",
    "./datasets/egoing/audio/뭔 말이냐면 이 웹페이지를 저랑 똑같이 만드는건 혹시나 여러분이 저를 그냥 따라오는거나 불과하잖아요.mp3": "뭔 말이냐면 이 웹페이지를 저랑 똑같이 만드는건 혹시나 여러분이 저를 그냥 따라오는거나 불과하잖아요",
    "./datasets/egoing/audio/미래로 날라가서.mp3": "미래로 날라가서",
    "./datasets/egoing/audio/바로 이렇게.mp3": "바로 이렇게",
    "./datasets/egoing/audio/반응이 나쁘지 않았습니다.mp3": "반응이 나쁘지 않았습니다",
    "./datasets/egoing/audio/본문의.mp3": "본문의",
    "./datasets/egoing/audio/부호 또는 신호라는 의미에서 코드.mp3": "부호 또는 신호라는 의미에서 코드",
    "./datasets/egoing/audio/사람도 이해할 수 있는.mp3": "사람도 이해할 수 있는",
    "./datasets/egoing/audio/사람이 하는일 다시말해서 원인을 부르는 여러가지 표현이 있습니다.mp3": "사람이 하는일 다시말해서 원인을 부르는 여러가지 표현이 있습니다",
    "./datasets/egoing/audio/상태에.mp3": "상태에",
    "./datasets/egoing/audio/상황 어떤 저의 마음의 상태.mp3": "상황 어떤 저의 마음의 상태",
    "./datasets/egoing/audio/새로운 완제품을 만들어내는.mp3": "새로운 완제품을 만들어내는",
    "./datasets/egoing/audio/생각보다 재밌드라구요.mp3": "생각보다 재밌드라구요",
    "./datasets/egoing/audio/생각해보면.mp3": "생각해보면",
    "./datasets/egoing/audio/생활코딩이라는 활동을 처음 시작했을때.mp3": "생활코딩이라는 활동을 처음 시작했을때",
    "./datasets/egoing/audio/서로 생각하는 바가 틀리면.mp3": "서로 생각하는 바가 틀리면",
    "./datasets/egoing/audio/선물이 무엇일까를 가만히 생각해보니까.mp3": "선물이 무엇일까를 가만히 생각해보니까",
    "./datasets/egoing/audio/선생님의 기질에 눈을.mp3": "선생님의 기질에 눈을",
    "./datasets/egoing/audio/선택한 도구는.mp3": "선택한 도구는",
    "./datasets/egoing/audio/설계하는.mp3": "설계하는",
    "./datasets/egoing/audio/수업의 목차를 적었습니다.mp3": "수업의 목차를 적었습니다",
    "./datasets/egoing/audio/쉬운것은 사소하다.mp3": "쉬운것은 사소하다",
    "./datasets/egoing/audio/쉬운것은.mp3": "쉬운것은",
    "./datasets/egoing/audio/스스로 해결할 수 있는 일들이 꽤 있었고요.mp3": "스스로 해결할 수 있는 일들이 꽤 있었고요",
    "./datasets/egoing/audio/시험에 나오지.mp3": "시험에 나오지",
    "./datasets/egoing/audio/시험의 목적은.mp3": "시험의 목적은",
    "./datasets/egoing/audio/아니기 때문에.mp3": "아니기 때문에",
    "./datasets/egoing/audio/아니다라는거였습니다.mp3": "아니다라는거였습니다",
    "./datasets/egoing/audio/아톰보다 더 좋은.mp3": "아톰보다 더 좋은",
    "./datasets/egoing/audio/아톰인데요.mp3": "아톰인데요",
    "./datasets/egoing/audio/안키때문이 아니였을까요.mp3": "안키때문이 아니였을까요",
    "./datasets/egoing/audio/앞서 설명을 드렸습니다.mp3": "앞서 설명을 드렸습니다",
    "./datasets/egoing/audio/앞으로 어떤일을 하게될지 보고옵시다.mp3": "앞으로 어떤일을 하게될지 보고옵시다",
    "./datasets/egoing/audio/약간의 지식이 있으면.mp3": "약간의 지식이 있으면",
    "./datasets/egoing/audio/어 각각의 에딧.mp3": "어 각각의 에딧",
    "./datasets/egoing/audio/어 그중에서.mp3": "어 그중에서",
    "./datasets/egoing/audio/어 메모장.mp3": "어 메모장",
    "./datasets/egoing/audio/어 미래에.mp3": "어 미래에",
    "./datasets/egoing/audio/어 우리는.mp3": "어 우리는",
    "./datasets/egoing/audio/어 제가 사용할.mp3": "어 제가 사용할",
    "./datasets/egoing/audio/어느날 문득.mp3": "어느날 문득",
    "./datasets/egoing/audio/어려운것은.mp3": "어려운것은",
    "./datasets/egoing/audio/어렵고.mp3": "어렵고",
    "./datasets/egoing/audio/언어를 사용해야된다는것은.mp3": "언어를 사용해야된다는것은",
    "./datasets/egoing/audio/에디터들이 다 내장돼있습니다.mp3": "에디터들이 다 내장돼있습니다",
    "./datasets/egoing/audio/에디터들이.mp3": "에디터들이",
    "./datasets/egoing/audio/에디터라고 부르는데요.mp3": "에디터라고 부르는데요",
    "./datasets/egoing/audio/에디트라는.mp3": "에디트라는",
    "./datasets/egoing/audio/에스큐엘이라고 하는.mp3": "에스큐엘이라고 하는",
    "./datasets/egoing/audio/에이치티엠엘.mp3": "에이치티엠엘",
    "./datasets/egoing/audio/에이치티엠엘을 표시합니다.mp3": "에이치티엠엘을 표시합니다",
    "./datasets/egoing/audio/에이치티엠엘이라는.mp3": "에이치티엠엘이라는",
    "./datasets/egoing/audio/여러가지.mp3": "여러가지",
    "./datasets/egoing/audio/여러분들이.mp3": "여러분들이",
    "./datasets/egoing/audio/여러분의 인생은.mp3": "여러분의 인생은",
    "./datasets/egoing/audio/여러분의 컴퓨터에는 이미.mp3": "여러분의 컴퓨터에는 이미",
    "./datasets/egoing/audio/여러분의.mp3": "여러분의",
    "./datasets/egoing/audio/여러분이 집중해서 봐야할 부분은 어떤쪽이 사람이 하는일이고 어떤쪽이 기계가 하는일인가를 분리해서 생각해보는겁니다.mp3": "여러분이 집중해서 봐야할 부분은 어떤쪽이 사람이 하는일이고 어떤쪽이 기계가 하는일인가를 분리해서 생각해보는겁니다",
    "./datasets/egoing/audio/열심히.mp3": "열심히",
    "./datasets/egoing/audio/예 지금부터.mp3": "예 지금부터",
    "./datasets/egoing/audio/예를들어서.mp3": "예를들어서",
    "./datasets/egoing/audio/오랜시간.mp3": "오랜시간",
    "./datasets/egoing/audio/오랫동안.mp3": "오랫동안",
    "./datasets/egoing/audio/오른쪽에 본문이 보여주기위해서.mp3": "오른쪽에 본문이 보여주기위해서",
    "./datasets/egoing/audio/오른쪽이 사람이 하는 일이면서 원인이고 그것에 대한 결과가 왼쪽이면서 기계가 하는일입니다.mp3": "오른쪽이 사람이 하는 일이면서 원인이고 그것에 대한 결과가 왼쪽이면서 기계가 하는일입니다",
    "./datasets/egoing/audio/오해하고 있었던게 있었어요.mp3": "오해하고 있었던게 있었어요",
    "./datasets/egoing/audio/올수도 있고 뭐 안올수도 있겠죠.mp3": "올수도 있고 뭐 안올수도 있겠죠",
    "./datasets/egoing/audio/왼쪽엔.mp3": "왼쪽엔",
    "./datasets/egoing/audio/용도는.mp3": "용도는",
    "./datasets/egoing/audio/우리 타임머신을 타고.mp3": "우리 타임머신을 타고",
    "./datasets/egoing/audio/우리가 무엇인가를 만들기 전에.mp3": "우리가 무엇인가를 만들기 전에",
    "./datasets/egoing/audio/우리가 이제 지금부터 살펴볼.mp3": "우리가 이제 지금부터 살펴볼",
    "./datasets/egoing/audio/우리가 이제 코드를 작성해야되는데.mp3": "우리가 이제 코드를 작성해야되는데",
    "./datasets/egoing/audio/우리가 처음에 배우는것은.mp3": "우리가 처음에 배우는것은",
    "./datasets/egoing/audio/우리가.mp3": "우리가",
    "./datasets/egoing/audio/우리는 단지 에이치티엠엘의 기본 문법인 태그를 배웠을뿐입니다.mp3": "우리는 단지 에이치티엠엘의 기본 문법인 태그를 배웠을뿐입니다",
    "./datasets/egoing/audio/우리는.mp3": "우리는",
    "./datasets/egoing/audio/우린 에이치티엠엘이라는 언어를 이용해서.mp3": "우린 에이치티엠엘이라는 언어를 이용해서",
    "./datasets/egoing/audio/원래 코드를 작성하는.mp3": "원래 코드를 작성하는",
    "./datasets/egoing/audio/웹브라우저가 있어야됩니다.mp3": "웹브라우저가 있어야됩니다",
    "./datasets/egoing/audio/웹을 공부하고계신 여러분에게 감히 이렇게 말씀드리고싶어요.mp3": "웹을 공부하고계신 여러분에게 감히 이렇게 말씀드리고싶어요",
    "./datasets/egoing/audio/웹페이지니까 당연히 그렇겠죠.mp3": "웹페이지니까 당연히 그렇겠죠",
    "./datasets/egoing/audio/웹페이지를 만들기 위해서는.mp3": "웹페이지를 만들기 위해서는",
    "./datasets/egoing/audio/이 강의를 보는 시점에서는.mp3": "이 강의를 보는 시점에서는",
    "./datasets/egoing/audio/이 수업의 전체제목인 웹 이라는 제목을.mp3": "이 수업의 전체제목인 웹 이라는 제목을",
    "./datasets/egoing/audio/이걸 하지 않으면 나중에 만들고 보았는데.mp3": "이걸 하지 않으면 나중에 만들고 보았는데",
    "./datasets/egoing/audio/이것을 이해하는것은 우리 수업 전체를 통틀어서 가장 중요한 부분입니다.mp3": "이것을 이해하는것은 우리 수업 전체를 통틀어서 가장 중요한 부분입니다",
    "./datasets/egoing/audio/이라고 하는.mp3": "이라고 하는",
    "./datasets/egoing/audio/이런것들을 좀 소개해드리려고 해요.mp3": "이런것들을 좀 소개해드리려고 해요",
    "./datasets/egoing/audio/이런일을 하는분들을 현업에서는.mp3": "이런일을 하는분들을 현업에서는",
    "./datasets/egoing/audio/이렇게 제가 생각하게된.mp3": "이렇게 제가 생각하게된",
    "./datasets/egoing/audio/이렇게.mp3": "이렇게",
    "./datasets/egoing/audio/이를테면 우리 가족들에 대한 정보 또는 음 내가 좋아하는 어떤 스타에 대한 정보 또 내가 좋아하는 게임에 대한 정보들 이러한것들로 이 내용을 채워가면서 제 수업을 따라오신다면 우리 공부가 훨씬 더 생동감있을겁니다.mp3": "이를테면 우리 가족들에 대한 정보 또는 음 내가 좋아하는 어떤 스타에 대한 정보 또 내가 좋아하는 게임에 대한 정보들 이러한것들로 이 내용을 채워가면서 제 수업을 따라오신다면 우리 공부가 훨씬 더 생동감있을겁니다",
    "./datasets/egoing/audio/이를테면 윈도우에서는.mp3": "이를테면 윈도우에서는",
    "./datasets/egoing/audio/이유가 무엇인가를.mp3": "이유가 무엇인가를",
    "./datasets/egoing/audio/이제 구현을.mp3": "이제 구현을",
    "./datasets/egoing/audio/이제부터.mp3": "이제부터",
    "./datasets/egoing/audio/이천 십년으로 돌아가서.mp3": "이천 십년으로 돌아가서",
    "./datasets/egoing/audio/일종의 동기라고 생각하시면 좋을것같아요.mp3": "일종의 동기라고 생각하시면 좋을것같아요",
    "./datasets/egoing/audio/자 그러면 이제부터 진짜 코딩을 해봅시다.mp3": "자 그러면 이제부터 진짜 코딩을 해봅시다",
    "./datasets/egoing/audio/자 그러면 지금부터 우리는.mp3": "자 그러면 지금부터 우리는",
    "./datasets/egoing/audio/자 그럼 지금부터.mp3": "자 그럼 지금부터",
    "./datasets/egoing/audio/자 근데 제가 말씀드리고 싶은것은 여러분이 우리 수업을 하면서 제가 계속 강조드리는것은 자기 자신을 주인공으로 만들어주세요.mp3": "자 근데 제가 말씀드리고 싶은것은 여러분이 우리 수업을 하면서 제가 계속 강조드리는것은 자기 자신을 주인공으로 만들어주세요",
    "./datasets/egoing/audio/자 여기 일쩜에이치티엠엘이라는 저 파일에다가 이렇게 붙혀넣기를 했어요 그리고 컨트롤 알파 컨트롤 알파벳 에쓰.mp3": "자 여기 일쩜에이치티엠엘이라는 저 파일에다가 이렇게 붙혀넣기를 했어요 그리고 컨트롤 알파 컨트롤 알파벳 에쓰",
    "./datasets/egoing/audio/자 우리 기획을 끝냈으니까.mp3": "자 우리 기획을 끝냈으니까",
    "./datasets/egoing/audio/자 이거를 하기 위해서 필요한 준비물은 크게 두가지 입니다 하나는.mp3": "자 이거를 하기 위해서 필요한 준비물은 크게 두가지 입니다 하나는",
    "./datasets/egoing/audio/자 이렇게 생긴 종이에다가 그림을 한번 그려볼게요.mp3": "자 이렇게 생긴 종이에다가 그림을 한번 그려볼게요",
    "./datasets/egoing/audio/자 이중에서 우선 우리가 먼저 화면에 표시할 부분이 이부분입니다.mp3": "자 이중에서 우선 우리가 먼저 화면에 표시할 부분이 이부분입니다",
    "./datasets/egoing/audio/자 저기있는 저 텍스트를 저는 웹브라우저에 표시해볼겁니다.mp3": "자 저기있는 저 텍스트를 저는 웹브라우저에 표시해볼겁니다",
    "./datasets/egoing/audio/자 지금 보고계신 이 화면은 우리가 만들었던 기획서입니다.mp3": "자 지금 보고계신 이 화면은 우리가 만들었던 기획서입니다",
    "./datasets/egoing/audio/자 화면이 두개로 쪼개져있어요.mp3": "자 화면이 두개로 쪼개져있어요",
    "./datasets/egoing/audio/자.mp3": "자",
    "./datasets/egoing/audio/자연스럽겟.mp3": "자연스럽겟",
    "./datasets/egoing/audio/작성하는데.mp3": "작성하는데",
    "./datasets/egoing/audio/잘 정리정돈 할수있는 웹사이트를.mp3": "잘 정리정돈 할수있는 웹사이트를",
    "./datasets/egoing/audio/저 일번 항목을.mp3": "저 일번 항목을",
    "./datasets/egoing/audio/저는 직장에서 컴퓨터 프로그래머로 일하고 있었고여.mp3": "저는 직장에서 컴퓨터 프로그래머로 일하고 있었고여",
    "./datasets/egoing/audio/저는.mp3": "저는",
    "./datasets/egoing/audio/적어보겠습니다.mp3": "적어보겠습니다",
    "./datasets/egoing/audio/전문.mp3": "전문",
    "./datasets/egoing/audio/정보가 나타나게되는.mp3": "정보가 나타나게되는",
    "./datasets/egoing/audio/제 생각에는.mp3": "제 생각에는",
    "./datasets/egoing/audio/제가 끄적거리기 시작한 노트를.mp3": "제가 끄적거리기 시작한 노트를",
    "./datasets/egoing/audio/제가 생활코딩을 시작하고 얻은.mp3": "제가 생활코딩을 시작하고 얻은",
    "./datasets/egoing/audio/제가 생활코딩이라고 활동을 하면서.mp3": "제가 생활코딩이라고 활동을 하면서",
    "./datasets/egoing/audio/제가 처해있었던.mp3": "제가 처해있었던",
    "./datasets/egoing/audio/제가.mp3": "제가",
    "./datasets/egoing/audio/제목인.mp3": "제목인",
    "./datasets/egoing/audio/제안에서 잠자고 있었턴.mp3": "제안에서 잠자고 있었턴",
    "./datasets/egoing/audio/제일 위쪽에다가는.mp3": "제일 위쪽에다가는",
    "./datasets/egoing/audio/제일로 중요한거에요.mp3": "제일로 중요한거에요",
    "./datasets/egoing/audio/중요하고.mp3": "중요하고",
    "./datasets/egoing/audio/중요하지안.mp3": "중요하지안",
    "./datasets/egoing/audio/중요한것은.mp3": "중요한것은",
    "./datasets/egoing/audio/지에딧.mp3": "지에딧",
    "./datasets/egoing/audio/직장 동료들에게.mp3": "직장 동료들에게",
    "./datasets/egoing/audio/진짜로 코딩을 해봅시다.mp3": "진짜로 코딩을 해봅시다",
    "./datasets/egoing/audio/처음 배우는것들은.mp3": "처음 배우는것들은",
    "./datasets/egoing/audio/천천이 판이 커지기 시작했습니다.mp3": "천천이 판이 커지기 시작했습니다",
    "./datasets/egoing/audio/최적화 되어있는.mp3": "최적화 되어있는",
    "./datasets/egoing/audio/컴퓨터 언어를 알려주고싶다는 생각이 들었어요.mp3": "컴퓨터 언어를 알려주고싶다는 생각이 들었어요",
    "./datasets/egoing/audio/컴퓨터 언어에.mp3": "컴퓨터 언어에",
    "./datasets/egoing/audio/컴퓨터도 이해할 수 있고.mp3": "컴퓨터도 이해할 수 있고",
    "./datasets/egoing/audio/코드를.mp3": "코드를",
    "./datasets/egoing/audio/코딩 수업.mp3": "코딩 수업",
    "./datasets/egoing/audio/클릭했다면.mp3": "클릭했다면",
    "./datasets/egoing/audio/태그를 배우기 전과.mp3": "태그를 배우기 전과",
    "./datasets/egoing/audio/터.mp3": "터",
    "./datasets/egoing/audio/텍스트 에디트.mp3": "텍스트 에디트",
    "./datasets/egoing/audio/텍스트.mp3": "텍스트",
    "./datasets/egoing/audio/텍스트로 된.mp3": "텍스트로 된",
    "./datasets/egoing/audio/틀릴만한것이 출제됩니다.mp3": "틀릴만한것이 출제됩니다",
    "./datasets/egoing/audio/편집 하는 프로그램이란 뜻에서.mp3": "편집 하는 프로그램이란 뜻에서",
    "./datasets/egoing/audio/편집 하는 프로그램이란.mp3": "편집 하는 프로그램이란",
    "./datasets/egoing/audio/편집 하는.mp3": "편집 하는",
    "./datasets/egoing/audio/편집.mp3": "편집",
    "./datasets/egoing/audio/편집기라는.mp3": "편집기라는",
    "./datasets/egoing/audio/프로그래머가 아닌 동료들과 함께 일할 기회가 많이 있었어요.mp3": "프로그래머가 아닌 동료들과 함께 일할 기회가 많이 있었어요",
    "./datasets/egoing/audio/프로그램이.mp3": "프로그램이",
    "./datasets/egoing/audio/프로젝트에 또 실습에.mp3": "프로젝트에 또 실습에",
    "./datasets/egoing/audio/하지만 뭘 할지 아직은 떠오르지 않는다 그러면 똑같이 하시면 되겠죠.mp3": "하지만 뭘 할지 아직은 떠오르지 않는다 그러면 똑같이 하시면 되겠죠",
    "./datasets/egoing/audio/할 차례입니다.mp3": "할 차례입니다",
    "./datasets/egoing/audio/훌룡한 에디터.mp3": "훌룡한 에디터",
    "./datasets/egoing/audio/훌룡한.mp3": "훌룡한"
}